Metric,Skewness,Kurtosis,Normal Distribution,Normality p-value
Accuracy,-0.12019142836090924,-0.09864300098663303,Yes,0.25385964635341557
Precision,-0.10504703195901827,0.053808806138027965,Yes,0.35623975279615594
Recall,-0.026913067442480343,0.18737261591053667,Yes,0.43885045694170943
F1-score,-0.14775321779018216,-0.056459659550760044,Yes,0.15539749265251748
AUC-ROC,-0.16173004451355563,0.10832192372627691,Yes,0.08270235922632652
AUC-PR,-0.10225427952362624,-0.06045758199677964,Yes,0.3975597960334252
