Metric,Mean,Std Dev,95% CI Lower,95% CI Upper
Accuracy,0.8659368324300339,0.0006856787679395013,0.8645125154511742,0.867274412855377
Precision,0.7936807330719426,0.00121811224934427,0.7911402431310911,0.7960316263527444
Recall,0.8925953532312942,0.0009676303059110223,0.8907108117260448,0.894438337029168
F1-score,0.8402363215704438,0.0008635771047966168,0.838497340469868,0.8418618781587298
AUC-ROC,0.9403479119222672,0.0004288328106079271,0.9395023977457003,0.9411340916684219
AUC-PR,0.8958312115600062,0.000880540859289348,0.8940429313507878,0.8974757290382107
