Continent Name,Total Samples,Total Correct Predictions,Total Incorrect Predictions,True Positives (TP),True Negatives (TN),False Positives (FP),False Negatives (FN),Accuracy,Precision,Recall,F1-score,AUC-ROC,AUC-PR
Africa,24736,24625,111,14184,10441,45,66,0.9955126131953428,0.9968374446552815,0.9953684210526316,0.9961023912356474,0.9997941181391395,0.9998595453062541
Antarctica,36,36,0,23,13,0,0,1.0,1.0,1.0,1.0,1.0,0.9999999999999999
Asia,41840,41526,314,13635,27891,179,135,0.9924952198852772,0.9870421311712755,0.9901960784313726,0.9886165893271461,0.9996318442404208,0.9992462091201215
Europe,80675,79775,900,41056,38719,424,476,0.9888441276727611,0.989778206364513,0.9885389579119714,0.9891581939960488,0.9991853653636353,0.9992449265356826
North America,38631,38037,594,17785,20252,411,183,0.9846237477673371,0.9774126181578369,0.9898152270703473,0.9835748257936069,0.9988116231002808,0.998566818887137
Oceania,7398,7343,55,3842,3501,41,14,0.992565558258989,0.9894411537471027,0.9963692946058091,0.9928931386484042,0.999509955811823,0.9995173925083674
Other,13356,13280,76,10006,3274,50,26,0.9943096735549566,0.9950278440731901,0.9974082934609251,0.9962166467542811,0.9997872631886027,0.9999296936092408
South America,12699,12569,130,7777,4792,76,54,0.9897629734624773,0.9903221698713868,0.9931043289490487,0.99171129813823,0.9993006011231303,0.99955320902989
