Continent Name,Total Samples,Total Correct Predictions,Total Incorrect Predictions,True Positives (TP),True Negatives (TN),False Positives (FP),False Negatives (FN),Accuracy,Precision,Recall,F1-score,AUC-ROC,AUC-PR
Africa,24755,24705,50,14130,10575,11,39,0.9979802060189861,0.9992221200763737,0.9972475121744654,0.9982338396326387,0.9999475842324784,0.9999643085701952
Antarctica,24,24,0,16,8,0,0,1.0,1.0,1.0,1.0,1.0,1.0
Asia,41883,41763,120,13655,28108,36,84,0.9971348757252346,0.9973705353882112,0.9938860179052332,0.995625227852716,0.9998668530152046,0.9997540331334263
Europe,80419,80075,344,41257,38818,84,260,0.9957224039095238,0.9979681188166711,0.9937375051183852,0.9958483188104951,0.9998159562610416,0.9998375646243626
North America,39010,38825,185,17947,20878,90,95,0.9952576262496796,0.9950102566945722,0.9947345083693604,0.9948723634247069,0.999834998065686,0.9997979399485369
Oceania,7430,7425,5,3911,3514,2,3,0.9993270524899058,0.9994888832098134,0.9992335206949412,0.9993611856394532,0.9999979653564144,0.9999981695891138
Other,13185,13171,14,9940,3231,8,6,0.9989381873340918,0.9991958182549256,0.9993967424090087,0.9992962702322308,0.9999920534144646,0.999997411833953
South America,12635,12596,39,7800,4796,17,22,0.9969133359715077,0.997825252654471,0.9971874200971619,0.9975062344139651,0.9998017918210625,0.9998526412325759
