Continent Name,Total Samples,Total Correct Predictions,Total Incorrect Predictions,True Positives (TP),True Negatives (TN),False Positives (FP),False Negatives (FN),Accuracy,Precision,Recall,F1-score,AUC-ROC,AUC-PR
Africa,13796,13759,37,7320,6439,11,26,0.9973180632067266,0.9984995225753649,0.9964606588619657,0.9974790488519453,0.9999682788924839,0.9999725173141959
Antarctica,18,18,0,4,14,0,0,1.0,1.0,1.0,1.0,1.0,1.0
Asia,19077,18965,112,6995,11970,42,70,0.9941290559312261,0.9940315475344607,0.9900920028308563,0.9920578641327471,0.9996046769932121,0.9994853641245673
Europe,44276,43979,297,20821,23158,95,202,0.9932920769717228,0.9954580225664563,0.9903914760024735,0.9929182860821669,0.9995265152241581,0.9995492647371151
North America,17905,17802,103,9118,8684,45,58,0.9942474169226473,0.9950889446687766,0.9936791630340017,0.9943835541741644,0.9996232207765694,0.9996450964672764
Oceania,3066,3054,12,1998,1056,5,7,0.9960861056751468,0.9975037443834248,0.9965087281795512,0.9970059880239521,0.9991698416541116,0.9996679550701189
Other,8052,8027,25,5146,2881,12,13,0.9968951813214109,0.9976735168670027,0.99748013180849,0.9975768149655908,0.9999118927205766,0.9999500794466003
South America,5789,5755,34,3928,1827,18,16,0.9941267921920884,0.9954384186517993,0.9959432048681541,0.9956907477820025,0.999510353622806,0.9997919759387041
