Continent Name,Total Samples,Total Correct Predictions,Total Incorrect Predictions,True Positives (TP),True Negatives (TN),False Positives (FP),False Negatives (FN),Accuracy,Precision,Recall,F1-score,AUC-ROC,AUC-PR
Africa,20811,20774,37,14274,6500,27,10,0.998222094084859,0.9981120201384519,0.9992999159899187,0.9987056148329544,0.999970696652129,0.9999863796063326
Antarctica,31,31,0,21,10,0,0,1.0,1.0,1.0,1.0,1.0,1.0
Asia,25860,25744,116,13748,11996,61,55,0.9955143078112916,0.995582591063799,0.9960153589799319,0.9957989280023178,0.9998860071858797,0.9999028582967824
Europe,64470,64185,285,40924,23261,134,151,0.9955793392275477,0.996736324224268,0.9963237979306148,0.9965300183848149,0.99984273577296,0.9999119951659636
North America,26802,26667,135,18213,8454,87,48,0.9949630624580256,0.9952459016393442,0.9973714473468047,0.9963075408221875,0.9996303902382656,0.9998267494055689
Oceania,4870,4866,4,3819,1047,3,1,0.9991786447638604,0.9992150706436421,0.999738219895288,0.9994765768123528,0.99993767140364,0.99998259625312
Other,12947,12936,11,10044,2892,7,4,0.9991503823279524,0.9993035518853846,0.9996019108280255,0.9994527090900045,0.9999903533065433,0.9999972287555037
South America,9577,9536,41,7741,1795,25,16,0.9957189098882739,0.9967808395570436,0.9979373469124662,0.9973587579720414,0.9997331725899471,0.9999362356641462
