Continent Name,Total Samples,Total Correct Predictions,Total Incorrect Predictions,True Positives (TP),True Negatives (TN),False Positives (FP),False Negatives (FN),Accuracy,Precision,Recall,F1-score,AUC-ROC,AUC-PR
Africa,7560,7545,15,1398,6147,15,0,0.998015873015873,0.9893842887473461,1.0,0.9946638207043756,0.9999953566531499,0.9999794487698531
Antarctica,6,6,0,1,5,0,0,1.0,1.0,1.0,1.0,1.0,1.0
Asia,10668,10607,61,1373,9234,59,2,0.9942819647544057,0.9587988826815642,0.9985454545454545,0.9782686141788386,0.9998521663422126,0.9991951547765873
Europe,21269,21129,140,4081,17048,136,4,0.9934176501010861,0.9677495850130424,0.9990208078335373,0.9831365935919055,0.9998808774892929,0.9995797085600251
North America,9159,9107,52,1840,7267,52,0,0.9943225242930451,0.9725158562367865,1.0,0.9860664523043944,0.9998383822332583,0.9992185391585766
Oceania,1126,1123,3,395,728,2,1,0.9973357015985791,0.9949622166246851,0.9974747474747475,0.9962168978562421,0.999923896499239,0.9998583120839425
Other,3161,3147,14,1064,2083,14,0,0.9955710218285353,0.987012987012987,1.0,0.9934640522875817,0.9999991036245837,0.9999982366798799
South America,2490,2471,19,763,1708,19,0,0.9923694779116465,0.9757033248081841,1.0,0.9877022653721683,0.9999582606372767,0.9999059081601829
