Continent Name,Total Samples,Total Correct Predictions,Total Incorrect Predictions,True Positives (TP),True Negatives (TN),False Positives (FP),False Negatives (FN),Accuracy,Precision,Recall,F1-score,AUC-ROC,AUC-PR
Africa,13830,13802,28,7361,6441,9,19,0.9979754157628344,0.9987788331071913,0.9974254742547426,0.9981016949152542,0.9999764290666162,0.9999792411371785
Antarctica,21,21,0,7,14,0,0,1.0,1.0,1.0,1.0,0.9999999999999999,0.9999999999999998
Asia,19088,18972,116,7016,11956,56,60,0.9939228834870075,0.9920814479638009,0.9915206331260599,0.9918009612666101,0.9997269900817103,0.9995341450928572
Europe,44372,44092,280,20951,23141,112,168,0.9936897142342017,0.994682618810236,0.9920450778919456,0.9933620975771656,0.9996623320765058,0.9996498141166453
North America,17974,17853,121,9187,8666,63,58,0.9932680538555692,0.9931891891891892,0.9937263385613845,0.9934576912679103,0.9995798244613464,0.9995755020855763
Oceania,3029,3018,11,1961,1057,4,7,0.9963684384285243,0.9979643765903308,0.9964430894308943,0.9972031528095602,0.9998400419913719,0.999913248650095
Other,7965,7945,20,5065,2880,13,7,0.997489014438167,0.9974399369830642,0.9986198738170347,0.9980295566502463,0.9999668104562193,0.999981262967063
South America,5708,5670,38,3851,1819,26,12,0.9933426769446391,0.993293783853495,0.9968936060056951,0.9950904392764858,0.9992266285593222,0.9996108325087504
