Continent Name,Total Samples,Total Correct Predictions,Total Incorrect Predictions,True Positives (TP),True Negatives (TN),False Positives (FP),False Negatives (FN),Accuracy,Precision,Recall,F1-score,AUC-ROC,AUC-PR
Africa,4277,4222,55,1454,2768,53,2,0.9871405190554127,0.9648307896483079,0.9986263736263736,0.9814377320283496,0.9991955934883976,0.9992014613080932
Antarctica,7,7,0,2,5,0,0,1.0,1.0,1.0,1.0,1.0,1.0
Asia,7917,7710,207,1325,6385,205,2,0.9738537324744221,0.8660130718954249,0.9984928409947249,0.9275463773188659,0.9992775242340419,0.9963603493675719
Europe,22007,21528,479,4123,17405,468,11,0.9782341982096605,0.898061424526247,0.9973391388485728,0.9451002865329513,0.9993092017210826,0.9976779011107134
North America,10394,10036,358,1800,8236,356,2,0.9655570521454685,0.8348794063079777,0.9988901220865705,0.9095502779181405,0.9988337368783289,0.9940330110484081
Oceania,805,786,19,393,393,19,0,0.9763975155279503,0.9538834951456311,1.0,0.9763975155279503,0.9995491489414264,0.9995373314481992
Other,2315,2285,30,1049,1236,30,0,0.9870410367170627,0.9721964782205746,1.0,0.9859022556390977,0.9999811751807559,0.9999773082521705
South America,6407,6351,56,755,5596,55,1,0.991259559856407,0.9320987654320988,0.9986772486772487,0.9642401021711366,0.9998478519979139,0.9988485129879192
