Continent Name,Total Samples,Total Correct Predictions,Total Incorrect Predictions,True Positives (TP),True Negatives (TN),False Positives (FP),False Negatives (FN),Accuracy,Precision,Recall,F1-score,AUC-ROC,AUC-PR
Africa,13732,13703,29,7268,6435,15,14,0.9978881444800466,0.9979404091720445,0.9980774512496566,0.9980089255063508,0.9999746002141843,0.9999774487963587
Antarctica,22,22,0,8,14,0,0,1.0,1.0,1.0,1.0,1.0,1.0
Asia,18987,18890,97,6912,11978,34,63,0.9948912413756781,0.9951050964583933,0.9909677419354839,0.9930321097622298,0.9998274843436132,0.9997077775414883
Europe,44402,44164,238,20981,23183,70,168,0.9946398810864375,0.9966747422925276,0.9920563620029316,0.9943601895734597,0.9996877328904162,0.9996894440125147
North America,17889,17792,97,9113,8679,50,47,0.9945776734305998,0.9945432718541962,0.9948689956331878,0.9947061070785351,0.999586743680779,0.9996477795780212
Oceania,3006,2997,9,1942,1055,6,3,0.9970059880239521,0.9969199178644764,0.9984575835475579,0.9976881582327254,0.9998444499901873,0.999912090460064
Other,8042,8028,14,5144,2884,9,5,0.998259139517533,0.9982534445953813,0.9990289376577977,0.9986410405746458,0.999982881375924,0.9999903653703063
South America,5822,5783,39,3960,1823,22,17,0.9933012710408794,0.994475138121547,0.9957254211717375,0.9950998869204674,0.9997293380024572,0.9998722447009925
