Continent Name,Total Samples,Total Correct Predictions,Total Incorrect Predictions,True Positives (TP),True Negatives (TN),False Positives (FP),False Negatives (FN),Accuracy,Precision,Recall,F1-score,AUC-ROC,AUC-PR
Africa,20800,20754,46,14370,6384,11,35,0.9977884615384616,0.9992351018705236,0.9975702880944116,0.998402000972695,0.9999562852682059,0.9999808316160519
Antarctica,24,23,1,11,12,0,1,0.9583333333333334,1.0,0.9166666666666666,0.9565217391304348,1.0,0.9999999999999999
Asia,25722,25616,106,13587,12029,22,84,0.9958790140735557,0.9983834227349548,0.9938556067588326,0.9961143695014663,0.9997840050484974,0.9998230335173013
Europe,64566,64262,304,41035,23227,71,233,0.9952916395626181,0.9982727582348075,0.9943539788698265,0.9963095151382718,0.9998019609439235,0.9998934474297974
North America,26718,26572,146,17930,8642,74,72,0.994535519125683,0.9958898022661631,0.9960004443950672,0.9959451202577349,0.9995653496559636,0.9997682700318394
Oceania,4875,4860,15,3847,1013,2,13,0.9969230769230769,0.9994803845154585,0.9966321243523316,0.9980542223375276,0.9996124199188341,0.9998808713549484
Other,12990,12973,17,10074,2899,8,9,0.9986913010007699,0.9992065066455068,0.9991074085093722,0.9991569551202579,0.9999577637019685,0.9999883710039852
South America,9593,9559,34,7683,1876,7,27,0.9964557489836339,0.9990897269180754,0.9964980544747082,0.9977922077922078,0.9997126312084436,0.9999234995312049
