Continent Name,Total Samples,Total Correct Predictions,Total Incorrect Predictions,True Positives (TP),True Negatives (TN),False Positives (FP),False Negatives (FN),Accuracy,Precision,Recall,F1-score,AUC-ROC,AUC-PR
Africa,12871,12662,209,4374,8288,200,9,0.9837619454587833,0.9562745955400087,0.997946611909651,0.9766662945182539,0.9997912259752626,0.9995930533628105
Antarctica,17,17,0,4,13,0,0,1.0,1.0,1.0,1.0,1.0,1.0
Asia,23827,23184,643,4049,19135,630,13,0.9730138078650271,0.8653558452660824,0.9967996061053668,0.9264386225832285,0.9991859917795795,0.9961215765415752
Europe,65614,63776,1838,12444,51332,1822,16,0.9719876855549121,0.8722837515771765,0.9987158908507223,0.931228017660705,0.9994262733421064,0.9975339641587951
North America,31762,30641,1121,5397,25244,1116,5,0.9647062527548643,0.828650391524643,0.9990744168826361,0.9059169114561477,0.9987251707764055,0.992664781395393
Oceania,2427,2306,121,1144,1162,121,0,0.950144210960033,0.9043478260869565,1.0,0.9497716894977168,0.9983437256430242,0.9980797178484184
Other,6925,6798,127,3087,3711,125,2,0.9816606498194946,0.9610834371108343,0.9993525412754937,0.9798444691318838,0.999320894114168,0.9992054211671381
South America,19049,18848,201,2322,16526,196,5,0.9894482650007874,0.9221604447974583,0.9978513107004727,0.958513931888545,0.9997221172420072,0.997893664836015
