Continent Name,Total Samples,Total Correct Predictions,Total Incorrect Predictions,True Positives (TP),True Negatives (TN),False Positives (FP),False Negatives (FN),Accuracy,Precision,Recall,F1-score,AUC-ROC,AUC-PR
Africa,13733,13581,152,7172,6409,41,111,0.9889317701885968,0.9943158186607515,0.9847590278731292,0.989514348785872,0.9985712293788125,0.9989598494966927
Antarctica,23,19,4,5,14,0,4,0.8260869565217391,1.0,0.5555555555555556,0.7142857142857143,0.9603174603174602,0.9603174603174602
Asia,18957,18555,402,6673,11882,130,272,0.9787941129925621,0.9808907834778774,0.9608351331893449,0.9707593831830085,0.9970795103624477,0.9956901850845455
Europe,44017,42900,1117,19990,22910,343,774,0.9746234409432719,0.9831308709978852,0.9627239452899249,0.9728204005158527,0.9962476220073408,0.9962672040141598
North America,18097,17547,550,9047,8500,229,321,0.9696082223572968,0.9753126347563605,0.965734415029889,0.9704998927268826,0.9950175651525844,0.9951232687617227
Oceania,3055,3001,54,1974,1027,34,20,0.9823240589198036,0.9830677290836654,0.9899699097291875,0.9865067466266867,0.9983924440616855,0.9991696461933259
Other,8049,7939,110,5096,2843,50,60,0.986333706050441,0.9902837155071901,0.9883630721489527,0.9893224616579305,0.9990216077597754,0.9994607734764294
South America,5905,5748,157,3966,1782,63,94,0.9734123624047417,0.9843633655994043,0.9768472906403941,0.9805909259488194,0.9948385331143951,0.9972038185562462
