Continent Name,Total Samples,Total Correct Predictions,Total Incorrect Predictions,True Positives (TP),True Negatives (TN),False Positives (FP),False Negatives (FN),Accuracy,Precision,Recall,F1-score,AUC-ROC,AUC-PR
Africa,22704,22643,61,4266,18377,60,1,0.9973132487667371,0.986130374479889,0.9997656433091164,0.992901198650064,0.9999903140533464,0.9999572116256655
Antarctica,23,23,0,9,14,0,0,1.0,1.0,1.0,1.0,1.0,1.0000000000000002
Asia,31869,31636,233,4122,27514,229,4,0.9926888198562867,0.9473684210526315,0.9990305380513815,0.9725138610357438,0.9999271234944367,0.9995269456191556
Europe,63937,63411,526,12349,51062,513,13,0.991773151696201,0.9601150676411133,0.9989483902281184,0.9791468442752934,0.9998695939576216,0.999530116961104
North America,27518,27305,213,5440,21865,213,0,0.992259611890399,0.9623208915620025,1.0,0.980798701884071,0.9998703460458375,0.9994285842233901
Oceania,3431,3410,21,1192,2218,20,1,0.9938793354707083,0.9834983498349835,0.9991617770326907,0.9912681912681913,0.999874528733669,0.9997581623664609
Other,9457,9427,30,3100,6327,30,0,0.9968277466426986,0.9904153354632588,1.0,0.9951845906902087,0.9999968031177214,0.9999934402879115
South America,7365,7285,80,2333,4952,79,1,0.9891378139850645,0.9672470978441128,0.9995715509854327,0.9831436999578592,0.9999382576951776,0.9998677769450072
