Continent Name,Total Samples,Total Correct Predictions,Total Incorrect Predictions,True Positives (TP),True Negatives (TN),False Positives (FP),False Negatives (FN),Accuracy,Precision,Recall,F1-score,AUC-ROC,AUC-PR
Africa,6276,3224,3052,27,3197,3052,0,0.5137029955385596,0.008769080870412472,1.0,0.017385705086928525,0.9909318824345228,0.8949507684528821
Antarctica,10,0,10,0,0,10,0,0.0,0.0,0.0,0.0,Not defined (single class),Not defined (single class)
Asia,11746,5835,5911,24,5811,5911,0,0.4967648561212328,0.004043807919123841,1.0,0.008055042792414835,0.9005626883921971,0.2492277180609972
Europe,23047,10977,12070,79,10898,12070,0,0.47628758623682044,0.006502592805992263,1.0,0.012921164540399084,0.9524445678963357,0.4782737763172837
North America,8592,2483,6109,41,2442,6109,0,0.2889897579143389,0.006666666666666667,1.0,0.013245033112582781,0.8374701575339926,0.23229832807441742
Oceania,990,298,692,8,290,692,0,0.301010101010101,0.011428571428571429,1.0,0.022598870056497175,0.9058044806517311,0.5119528400208442
Other,2913,1466,1447,24,1442,1447,0,0.503261242705115,0.016315431679129844,1.0,0.032107023411371234,0.8808771778008537,0.2344340266081782
South America,1818,320,1498,11,309,1498,0,0.17601760176017603,0.00728959575878065,1.0,0.014473684210526316,0.9389998490717915,0.7341965572679898
