Continent Name,Total Samples,Total Correct Predictions,Total Incorrect Predictions,True Positives (TP),True Negatives (TN),False Positives (FP),False Negatives (FN),Accuracy,Precision,Recall,F1-score,AUC-ROC,AUC-PR
Africa,12766,12692,74,6680,6012,23,51,0.9942033526554912,0.996568700581829,0.9924231169217056,0.9944915885067739,0.999544060134532,0.999651200936055
Antarctica,22,22,0,10,12,0,0,1.0,1.0,1.0,1.0,1.0,1.0
Asia,17817,17510,307,6348,11162,127,180,0.9827692653084134,0.9803861003861004,0.9724264705882353,0.9763900638314236,0.9986140231294041,0.9977774535298078
Europe,41998,41352,646,19503,21849,220,426,0.9846183151578647,0.9888455103179029,0.978624115610417,0.9837082618783416,0.9982972653649987,0.998324454937839
North America,16918,16561,357,8519,8042,176,181,0.9788982149190212,0.9797584818861415,0.9791954022988506,0.979476861167002,0.9972875073779732,0.9972948993806798
Oceania,2835,2804,31,1848,956,23,8,0.9890652557319224,0.9877071084981294,0.9956896551724138,0.9916823182184062,0.999288947201578,0.9996295233637604
Other,7727,7670,57,4917,2753,30,27,0.992623269056555,0.9939357186173439,0.9945388349514563,0.9942371853199878,0.9997575431974297,0.9998678890734749
South America,5550,5493,57,3781,1712,29,28,0.9897297297297297,0.9923884514435696,0.99264898923602,0.9925187032418953,0.9983979416928587,0.9991971963167228
