Metric,Skewness,Kurtosis,Normal Distribution,Normality p-value
Accuracy,-0.111231773769679,-0.10278480616555186,Yes,0.2966667170831006
Precision,-0.05760081327380084,-0.20620112626048925,Yes,0.2900503288867142
Recall,-0.041848233524282616,-0.140669447000195,Yes,0.5898905960613837
F1-score,-0.11314870902653591,-0.07992765688454329,Yes,0.3110806011251898
AUC-ROC,-0.2625940213401802,0.10188155872242177,No,0.0026750870073066688
AUC-PR,-0.35198077812092066,0.20312125512830947,No,2.103014193622759e-05
