Metric,Mean,Std Dev,95% CI Lower,95% CI Upper
Accuracy,0.9931334533333332,0.00022101832812695602,0.9926996666666666,0.9935733333333333
Precision,0.9673277972377043,0.0010496448416060554,0.9652732923437363,0.9694054690428242
Recall,0.999428459556521,0.00013680930332431447,0.9991353644193192,0.9996678124337126
F1-score,0.9831158644310451,0.0005435854824834445,0.982033983381084,0.9841803922755669
AUC-ROC,0.9999188866605223,1.2455870607248965e-05,0.9998920449437978,0.9999395737863662
AUC-PR,0.999695838401131,3.4667215741233545e-05,0.9996257269173353,0.9997617691691529
