Metric,Mean,Std Dev,95% CI Lower,95% CI Upper
Accuracy,0.9742053599999999,0.00041449842703281754,0.9733796666666666,0.975
Precision,0.8867538018198231,0.0017562832469166687,0.8834123661200831,0.8901732399773652
Recall,0.9985702728946382,0.00022629231548493525,0.9981132152923256,0.9990001016562232
F1-score,0.9393452437252896,0.000986137026723918,0.9374635248883848,0.9412432429868617
AUC-ROC,0.9993661331981597,3.4452381299634365e-05,0.9992957783334295,0.9994302051212333
AUC-PR,0.9974153846409068,0.00014204557268672667,0.9971173351455285,0.9976741965799786
