Metric,Skewness,Kurtosis,Normal Distribution,Normality p-value
Accuracy,-0.006423466544925807,0.0558094815224921,Yes,0.8929906340141746
Precision,-0.03711516791206611,0.012069064601399226,Yes,0.8737956781651237
Recall,-0.3586375967697879,-0.00433276373484226,No,3.5074733943863126e-05
F1-score,-0.027738022057082402,0.03508019810423546,Yes,0.8847092962242029
AUC-ROC,-0.30160611046929003,0.16293440145556604,No,0.0003432801803819438
AUC-PR,-0.21434928029883585,0.11276896179940898,No,0.01607818202641889
