Metric,Mean,Std Dev,95% CI Lower,95% CI Upper
Accuracy,0.9939503999999999,0.00020538305669591105,0.99354,0.9943401666666667
Precision,0.9711067600559713,0.0009791433545404443,0.9691800397718294,0.9729800554675359
Recall,0.9994941465965962,0.00013352998433285713,0.9992288891371396,0.9997323911254518
F1-score,0.9850957287523455,0.0005044207636014204,0.9840740863818669,0.9860593487552479
AUC-ROC,0.9999241150788752,1.1617147977764025e-05,0.9998989958640048,0.9999455084311168
AUC-PR,0.9997118790922229,3.867668373957058e-05,0.9996340355291388,0.9997834819820685
