Metric,Skewness,Kurtosis,Normal Distribution,Normality p-value
Accuracy,0.01552289566220419,0.02131858915063045,Yes,0.9492883511493316
Precision,0.011334620432758919,0.12151519297481306,Yes,0.681967942233916
Recall,-0.1125601322956442,-0.12086636366549719,Yes,0.26529806849849513
F1-score,0.012040654331770127,0.061188941209394,Yes,0.871068358952115
AUC-ROC,-0.02153273049454722,-0.018899691777319205,Yes,0.9615066954437691
AUC-PR,-0.15624395557067328,-0.13370722631191123,Yes,0.09293042331321001
