Metric,Mean,Std Dev,95% CI Lower,95% CI Upper
Accuracy,0.996522232920147,0.00013233238856878067,0.9962546061287347,0.9967738195456126
Precision,0.9976994019854285,0.00014827847802719813,0.997401820508589,0.9979812344945727
Recall,0.9953663987542416,0.00021701758042191746,0.9949235754445784,0.9957829229209509
F1-score,0.9965315178300279,0.00013247261045761484,0.9962615671418447,0.9967827000630529
AUC-ROC,0.9998766905401754,1.1986784963938781e-05,0.9998533820742548,0.9998994559269291
AUC-PR,0.9998795810039842,1.3023444270358871e-05,0.9998530467397435,0.999903666097181
