Metric,Skewness,Kurtosis,Normal Distribution,Normality p-value
Accuracy,-0.16977350481097248,0.10144579660955122,Yes,0.06849111067406326
Precision,-0.10339222828526856,0.0003975970513554472,Yes,0.40408621393369093
Recall,-0.12673664195082984,-0.20841842514052722,Yes,0.09725354876765385
F1-score,-0.09547143900824508,-0.008150782754034136,Yes,0.463367750584722
AUC-ROC,-0.10105277649471568,-6.178082853303124e-06,Yes,0.42072126116250264
AUC-PR,-0.1512715536631032,0.044166976943702085,Yes,0.13638527606478634
