Metric,Skewness,Kurtosis,Normal Distribution,Normality p-value
Accuracy,0.0020522839901938933,0.027483411723018936,Yes,0.9582227502054156
Precision,-0.033442015721265164,-0.04676612787345524,Yes,0.8921474158426842
Recall,-0.3228958584992382,0.16842645695454683,No,0.00011866463493677192
F1-score,-0.04142457208982271,-0.05850645386852893,Yes,0.8320871282917268
AUC-ROC,-0.5016794995055384,0.4236117912991677,No,2.793393981060365e-10
AUC-PR,-0.2223651258499208,0.05938634805120113,No,0.014930047820618604
