Metric,Mean,Std Dev,95% CI Lower,95% CI Upper
Accuracy,0.9964893107567914,0.0001356973433445707,0.9962193197800148,0.9967487410334868
Precision,0.9978360595765892,0.00015568521757040144,0.9975367003994815,0.9981427826674618
Recall,0.995163724261935,0.00022078110943555258,0.9947485252485062,0.9955830493847339
F1-score,0.9964980822140742,0.00013599853919813088,0.9962307155044526,0.9967576236497919
AUC-ROC,0.9998838319653253,1.0786872222260963e-05,0.9998617380765201,0.9999041124264896
AUC-PR,0.9998874673083825,1.1102564889332352e-05,0.9998634399915011,0.9999075095876828
