Metric,Mean,Std Dev,95% CI Lower,95% CI Upper
Accuracy,0.8754225554642563,0.004752615083058912,0.8664698027937551,0.8845624486442071
Precision,0.8842759359507194,0.006285111955835219,0.8725839758826011,0.8963139589424408
Recall,0.8693273688617948,0.006906076141761663,0.8559044538203082,0.8824236545046463
F1-score,0.8767155280707766,0.004905397175869729,0.8667762823870195,0.8863229023408039
AUC-ROC,0.9460045035586682,0.0029956060316281845,0.9402445817055202,0.9518291486146336
AUC-PR,0.9506042824587682,0.0030706818164360837,0.944626986206249,0.9567667333750772
