Metric,Skewness,Kurtosis,Normal Distribution,Normality p-value
Accuracy,0.05505183328074742,0.29088183256517297,Yes,0.15897089203584372
Precision,0.0380159416948128,0.2708089675299177,Yes,0.21676421752021305
Recall,-0.12097216426618844,-0.043485052685754866,Yes,0.28816423705631605
F1-score,-0.02575741771774496,0.37131464230503086,Yes,0.0893437557691231
AUC-ROC,-0.0035526582256300765,-0.04302042953892471,Yes,0.9841890502293248
AUC-PR,-0.024414430414684527,0.16112420682112027,Yes,0.5255487288552687
