Metric,Skewness,Kurtosis,Normal Distribution,Normality p-value
Accuracy,-0.11622646763877818,0.2279179991873268,Yes,0.11174153876273299
Precision,-0.045632496632230346,-0.10840779005995316,Yes,0.6865847767007531
Recall,-0.18861100927255106,0.2794915097978454,No,0.011800809473377234
F1-score,-0.13656476527498637,0.2755137888996533,No,0.04927040288225408
AUC-ROC,-0.19003619482011053,0.2818024585614807,No,0.011064891459798809
AUC-PR,-0.10980113828265772,0.15103144150391,Yes,0.21307662904715913
