Metric,Mean,Std Dev,95% CI Lower,95% CI Upper
Accuracy,0.8843163774187115,0.004502950541433946,0.8753191701575903,0.8928785158587672
Precision,0.8943381564096803,0.006093775397790822,0.8824503641163205,0.9061232405961755
Recall,0.8723563833397704,0.006593204393340704,0.8591699372056515,0.8851767629558479
F1-score,0.8831909618320203,0.004813814077249212,0.873534143314201,0.892521622331897
AUC-ROC,0.9496627656310765,0.0028317225888754745,0.9444654933315645,0.9551482664625821
AUC-PR,0.9519361009829734,0.0031907055619688363,0.9456787358540274,0.9580798192440834
