Metric,Skewness,Kurtosis,Normal Distribution,Normality p-value
Accuracy,0.04957447604623986,0.2866657197519613,Yes,0.1732450411889743
Precision,0.03928665356790928,0.22149700141637396,Yes,0.3204604352113291
Recall,-0.11269581122291505,-0.03366671149725331,Yes,0.34185660540540713
F1-score,-0.028558248235254328,0.36323626724840663,Yes,0.09579325158940029
AUC-ROC,0.006890562918205806,-0.024487231895920836,Yes,0.9948696225157458
AUC-PR,-0.013989661460091953,0.14857477645194184,Yes,0.5858078589230127
