Metric,Mean,Std Dev,95% CI Lower,95% CI Upper
Accuracy,0.8764511092851274,0.0047938590102004665,0.866885784716516,0.8866064092029581
Precision,0.8848432905802055,0.0063202104267401325,0.8729766567444774,0.8969632901835617
Recall,0.8709232902490593,0.0069353577873634805,0.8571414112203586,0.8843357681322807
F1-score,0.8778056463516237,0.004940004600886798,0.867609932265065,0.8872764058857809
AUC-ROC,0.9454027834247402,0.0030137291907067457,0.9396999256251456,0.9512478505596849
AUC-PR,0.9500505857012095,0.003081995490978458,0.9440805475110664,0.9562729649119285
