Continent Name,Total Samples,Total Correct Predictions,Total Incorrect Predictions,True Positives (TP),True Negatives (TN),False Positives (FP),False Negatives (FN),Accuracy,Precision,Recall,F1-score,AUC-ROC,AUC-PR
Africa,6479,4534,1945,4057,477,1945,0,0.6997993517518135,0.6759413528823726,1.0,0.8066408191669152,0.9173522758983412,0.9215359817387426
Asia,93580,62834,30746,41856,20978,29607,1139,0.6714468903611883,0.5857016917845599,0.9735085475055238,0.7313774484963916,0.8546471477342261,0.8086062616736598
Europe,44564,37232,7332,24142,13090,7312,20,0.8354725787631272,0.7675335410440643,0.9991722539524873,0.8681674338319908,0.9759012096249541,0.9738586100735224
North America,124546,61534,63012,56684,4850,62995,17,0.49406644934401744,0.4736336366446912,0.9997001816546446,0.6427486109536229,0.34098070978100825,0.4230638820051199
Oceania,1,1,0,1,0,0,0,1.0,1.0,1.0,1.0,Not defined (single class),Not defined (single class)
South America,1204,854,350,835,19,350,0,0.7093023255813954,0.7046413502109705,1.0,0.8267326732673267,0.6607532901676322,0.8208808777441107
