Continent Name,Total Samples,Total Correct Predictions,Total Incorrect Predictions,True Positives (TP),True Negatives (TN),False Positives (FP),False Negatives (FN),Accuracy,Precision,Recall,F1-score,AUC-ROC,AUC-PR
Africa,12899,12170,729,3934,8236,606,123,0.9434839910070548,0.8665198237885463,0.9696820310574316,0.9152029777829476,0.9948510807623352,0.9909514557931638
Asia,114686,100426,14260,39332,61094,10597,3663,0.8756604991018956,0.7877586172364758,0.9148040469822072,0.846541259523912,0.9500620279877635,0.9166682733291608
Europe,47409,46794,615,24105,22689,558,57,0.9870277795355312,0.977375015204963,0.997640923764589,0.9874039938556067,0.9994578418277393,0.9994664230784271
North America,114093,84046,30047,37496,46550,10842,19205,0.7366446670698465,0.7757044147461625,0.66129345161461,0.7139443444815735,0.8753568882626899,0.8563920308780011
Oceania,1,1,0,1,0,0,0,1.0,1.0,1.0,1.0,Not defined (single class),Not defined (single class)
South America,2455,2403,52,834,1569,51,1,0.9788187372708758,0.9423728813559322,0.9988023952095808,0.9697674418604652,0.999376062689436,0.9987818838523458
